,importance
x415,2.041114810260225
x115,1.8524201628545678
x742,0.5990892437915804
x641,0.5702194414838564
x458,0.5053498843112758
x507,0.2674290121456266
x194,0.2019728111940894
x485,0.17090485504806452
x334,0.16641807375692355
x133,0.16524134647924574
x242,0.15946768912721496
x325,0.15292242111790197
x209,0.14151473005244247
x362,0.12953017484290205
x159,0.12049052413866582
x642,0.08408085017427849
x315,0.08351760567166114
x27,0.0747877436931903
x465,0.0700558290640234
x231,0.06292581860840345
x702,0.061061516820305126
x726,0.060098645966878764
x113,0.05832603576679842
x531,0.05693777518131605
x546,0.056219229625103936
x200,0.053324758878737354
x720,0.05288954445088284
x2,0.04795031332652218
x538,0.04569423297116165
x654,0.044185778919047576
x349,0.043975244097604706
x410,0.04081035661634866
x92,0.04068521416939516
x711,0.04025958620572969
x828,0.03416040669372993
x766,0.033038540229310236
x23,0.03235630992975097
x287,0.03195507915265736
x640,0.031427111391781906
x309,0.03126947043771461
x671,0.029317704098712063
x547,0.029256935303894366
x286,0.028121994368647863
x817,0.027876388068331204
x310,0.02786240673200339
x254,0.027501975702843937
x306,0.02704985736920552
x788,0.026409140742082317
x342,0.025956681240860504
x320,0.025799354951417018
x748,0.025487574187246446
x712,0.02525129756221246
x665,0.025193866219910564
x193,0.02386001447800681
x15,0.023751354711057993
x173,0.02205268968405644
x440,0.021971204305721248
x42,0.020837359322811496
x312,0.02072463186024399
x240,0.019547703628420496
x172,0.019362551556488083
x562,0.019114971086233445
x675,0.018997123196150625
x29,0.018859102433572465
x233,0.01868282180805691
x662,0.01864172181688825
x230,0.01679120008344684
x176,0.01676782594090904
x232,0.01667738832083672
x326,0.01610599617388439
x214,0.015986910267834976
x276,0.015854968074135355
x721,0.015827448658079998
x829,0.01571847887965941
x496,0.015469337632273875
x477,0.015382117637646964
x383,0.015354718658211886
x447,0.015086619316933347
x177,0.01434358066500905
x484,0.014211888083501129
x731,0.01381171001299762
x769,0.013725175826378022
x572,0.01369663067830059
x40,0.013554225431995833
x768,0.01350135482690921
x456,0.013409978249005998
x528,0.013401936297521694
x437,0.013246128192158967
x18,0.012742704247749714
x6,0.01262347676413729
x380,0.012576488352048137
x527,0.012574550491868772
x350,0.012520547694531986
x260,0.012361875647130623
x196,0.012289345106915343
x542,0.012151884137244058
x479,0.01204695808984363
x590,0.011894867090071344
x512,0.011889524898442458
x378,0.011721786354047414
x452,0.011533900918077163
x696,0.011445162847111551
x824,0.011389256641909968
x451,0.01134234333577432
x257,0.0113251875170976
x706,0.011270643629478366
x644,0.011192190797806225
x404,0.01112107381562112
x406,0.011072526549223938
x548,0.011062036315434265
x659,0.011060981144860435
x734,0.011057948945054625
x203,0.010978295424560509
x648,0.010974656825534921
x0,0.010769437119772213
x293,0.010693522362753616
x327,0.01068018135746074
x819,0.010633848513094136
x178,0.010518162650196918
x213,0.010408048897114075
x345,0.010407208353961143
x703,0.010319689507376
x291,0.010302022118097528
x125,0.010162252821879042
x87,0.010152309654712257
x211,0.010071799600166227
x402,0.010066448425846954
x454,0.010046470035709866
x517,0.010036017046096931
x793,0.009961241725397918
x672,0.009890466815850393
x445,0.009877843577327792
x319,0.009860968530457818
x543,0.00983029889519783
x612,0.00977188227583352
x783,0.009535732540139504
x558,0.009332991310280482
x554,0.009314649283117066
x393,0.009298114711298253
x618,0.009227411842768166
x210,0.009022483477360739
x165,0.008999208388582884
x263,0.008982221355870025
x182,0.008942378494661963
x650,0.008901208210989973
x493,0.008839015215815016
x292,0.008807860063554006
x821,0.008713842666923056
x356,0.00869346091721433
x168,0.008641626766950777
x238,0.008603079898768046
x277,0.008570788643014323
x283,0.008568269825666573
x166,0.00852815800729336
x216,0.008481303688743967
x653,0.008289430880068682
x344,0.008279789691366723
x578,0.008277693442065425
x431,0.008263725154690895
x68,0.00823245447689577
x813,0.00822595964848717
x670,0.008189682939011267
x704,0.00817802373883929
x661,0.008149916829664726
x391,0.008065189780713565
x581,0.00803557468625202
x796,0.008025636466263234
x536,0.007961977965115196
x668,0.00793027839091226
x619,0.007900955617731768
x50,0.007883904319642993
x471,0.00787340551905582
x587,0.007871206045298456
x395,0.007831589261588333
x571,0.007788052923142488
x777,0.007740201503703441
x78,0.007629630303285941
x756,0.007625570882392222
x773,0.007621349413527425
x564,0.00759240663204122
x759,0.007504262165074198
x121,0.007496315936875436
x201,0.007494018975124669
x827,0.007487472852410367
x613,0.007475588605730715
x566,0.007470806597182586
x775,0.007442484886929011
x658,0.007435214300756686
x81,0.0074056506668382
x218,0.007355843765222079
x480,0.007347095688663497
x359,0.007241042739851793
x758,0.007228122553893773
x397,0.007208367837314768
x399,0.007192005869688761
x732,0.007188799615586507
x183,0.00715594394827842
x52,0.007155476122782244
x780,0.0071463865076585534
x610,0.0070613102500242525
x41,0.00705400543136106
x688,0.007019621725975362
x108,0.007002425348125415
x171,0.006944136755314746
x110,0.006903997983565317
x746,0.006897810204356615
x419,0.006886385562800365
x271,0.006885440021823969
x478,0.006866164290711046
x169,0.0068392969096575384
x20,0.006827612146598568
x14,0.006813937102129287
x155,0.006761739871980499
x337,0.006758824692298309
x5,0.006755582838414743
x782,0.0067121100211043104
x154,0.006710303925448738
x396,0.0066885473940842466
x565,0.00667647764844641
x472,0.006655689543617152
x245,0.006645856230696425
x224,0.006634302050139743
x394,0.00662528863604291
x649,0.006572429101516527
x692,0.006561973404636881
x603,0.006556274889241344
x432,0.006556187849663028
x812,0.006554960339450054
x288,0.006554526371320944
x272,0.006541056428800951
x667,0.006513321895873388
x621,0.0064985012322562865
x660,0.006490062973609972
x764,0.006485320524754153
x469,0.006481885918055795
x751,0.006444766455497242
x225,0.0064344620540765455
x520,0.006426966450863836
x223,0.006386797916414694
x778,0.006385374542699299
x805,0.006351656745527207
x678,0.00633460202534079
x443,0.0063335410018814965
x290,0.006330671227509537
x515,0.006327665917256222
x823,0.006326290057337164
x144,0.006295470682861598
x4,0.00625198767380225
x186,0.006247912695873234
x280,0.006209446423290979
x592,0.006165180312153597
x381,0.006158982036086262
x114,0.006128834495083039
x596,0.0061243556738909315
x265,0.0061178700808432775
x423,0.006110734840460182
x498,0.006083639437282387
x504,0.006077178630622587
x34,0.0060767772606619905
x146,0.0060724764200936615
x825,0.006064900550258537
x669,0.006040593695722597
x745,0.006021770096161728
x560,0.006020651606414233
x763,0.005973694645814971
x539,0.005946773764971626
x217,0.005941615564979808
x249,0.005901963726457148
x413,0.00587430321777501
x522,0.005873776340457846
x594,0.005851631464581972
x687,0.005808823171069917
x414,0.00580240161350061
x31,0.005763433354600078
x615,0.005760794601599391
x809,0.005737558911021044
x518,0.005733214266872649
x187,0.00573154089458631
x137,0.005714040268744838
x761,0.005695047300991683
x725,0.005693846801421835
x573,0.005662019360353729
x634,0.005651622256298206
x275,0.0056452774854591735
x157,0.005642451782522262
x526,0.005640692692338675
x686,0.005632366027131143
x161,0.005632016091098993
x598,0.005573060817868544
x259,0.005564854241082534
x95,0.005561054705754382
x716,0.005546536171192671
x624,0.0055395292544086995
x89,0.005539061071547351
x308,0.0055353479236101765
x553,0.0054675293693298025
x103,0.005462459168507238
x150,0.005456249973690816
x444,0.0054345401746206945
x820,0.005431804532701752
x482,0.005420182071576273
x329,0.0054186882200597895
x366,0.005388596462043641
x577,0.0053824033050319285
x328,0.005366404791509688
x425,0.005349023724795665
x298,0.005337315681762994
x51,0.0053247044681384624
x65,0.005314019076975034
x346,0.005308595265733305
x126,0.005298265844320978
x418,0.0052675593642279965
x69,0.005260439032183788
x750,0.005259566762156728
x1,0.005255756091554628
x163,0.005250457703117021
x143,0.0052487941407418776
x26,0.0052385958204229114
x722,0.005237432479540662
x487,0.00523711150036179
x264,0.005235830646187932
x266,0.005230607819532689
x25,0.005209736030406549
x486,0.005202329293220038
x365,0.005197765158277274
x488,0.005195097625780392
x398,0.00518697250339425
x700,0.005186354344241591
x608,0.005172851751726475
x683,0.005168717259134256
x158,0.005165349361475355
x822,0.005160919606640536
x705,0.005140353799542694
x234,0.005125644061262085
x377,0.005118347974363172
x358,0.005115073822885296
x267,0.005109039899520908
x723,0.005098670306276709
x529,0.005070549709020389
x302,0.005063285094932077
x811,0.005034802611935799
x636,0.00501966873506172
x44,0.00501273928251474
x128,0.005009849997794836
x188,0.005002695543558169
x448,0.005000547332636501
x521,0.005000049732358571
x421,0.0049996548243830515
x94,0.004959560163060537
x141,0.004947468019691001
x744,0.004944680866738662
x332,0.004942179428250696
x301,0.0049392492617539715
x495,0.004938793551159621
x427,0.004938321170816515
x191,0.00493386997093647
x739,0.004912002247847343
x236,0.004904374613475462
x373,0.004903071018085614
x235,0.004891357690245512
x145,0.004875028475511977
x274,0.004870424135916807
x628,0.004863881795675628
x13,0.004859188863651298
x412,0.004848098076261115
x749,0.004845496452014374
x318,0.004844554354849553
x652,0.004830498228714389
x199,0.004828972330170221
x701,0.004818664996680208
x352,0.004813678973363709
x830,0.00478116772164374
x767,0.0047755038835445235
x21,0.0047739864725653966
x416,0.004772227647523838
x781,0.004768218779256311
x787,0.004767043765618008
x629,0.004760708419118067
x611,0.004756171532889953
x212,0.004746788890636361
x681,0.0047384701464792955
x84,0.004736175284125794
x776,0.004735461001223299
x818,0.004731243474404982
x511,0.0047252732611147855
x323,0.0047216918171719005
x698,0.004719374545421526
x510,0.004719152724398347
x715,0.004713818074853436
x47,0.004705945749099591
x455,0.0047009367676944065
x313,0.004698743792261427
x420,0.004694427493725676
x728,0.00469076590393021
x638,0.004690329154587721
x595,0.004684625849584284
x428,0.00468395185083327
x130,0.004683381514985691
x357,0.004683089914382455
x730,0.004674473605343694
x770,0.004659556108091376
x555,0.004655336778638708
x369,0.004653680960786183
x256,0.004628970326617589
x429,0.004624108580396548
x433,0.004621236106983591
x718,0.004609067704019431
x430,0.004598627777677065
x559,0.0045919396521183235
x247,0.004586855296521927
x685,0.00458669053299247
x354,0.004578286865309151
x243,0.004558614558337047
x663,0.004547641743901337
x494,0.004546410916978881
x250,0.004538122082701808
x569,0.004521637840553602
x738,0.004519038656505641
x449,0.0045188893375374
x142,0.004512366350435985
x617,0.004502906375634937
x77,0.004483664571118675
x279,0.004472271756004916
x508,0.004461108690505225
x299,0.00445568251508334
x752,0.004451912231688067
x364,0.004431327127669624
x459,0.004426883592810119
x791,0.004419839410865601
x513,0.0044167729826062934
x106,0.0044144031277018
x339,0.004408386212373495
x604,0.004404492636357598
x405,0.004397014467245125
x453,0.004394751353220018
x55,0.0043882822778305575
x228,0.0043852757597668945
x563,0.0043805484258556794
x164,0.004379714826724802
x76,0.004378831561142994
x657,0.004365044973590079
x499,0.004363757991056661
x239,0.004350804708284277
x134,0.004317178791820147
x75,0.0043144601065283564
x376,0.004312276228411591
x387,0.0043010488699409145
x633,0.004300590787145717
x343,0.004294351645117204
x475,0.004290086206819962
x53,0.004288312520327772
x93,0.004274569290117073
x63,0.004272981284228708
x545,0.004271934218133379
x112,0.004261876480546912
x630,0.004259277216228924
x760,0.0042552139808595835
x382,0.004250503603787391
x10,0.004248556462646799
x70,0.004245828447946065
x463,0.004243370109278702
x59,0.004228629418589276
x268,0.004215849119546616
x241,0.0042090230141181295
x222,0.0042084754666433044
x181,0.00418402882768513
x297,0.004171613982613691
x152,0.0041710279542629715
x72,0.00416683405214899
x368,0.00416461235948574
x204,0.004162883465552768
x258,0.00415514819700545
x49,0.004153213275105777
x39,0.004148977630448455
x707,0.004144932954709223
x551,0.0041406387190768175
x762,0.004132558055224283
x226,0.004130715520805542
x457,0.0041236920538993945
x690,0.004122384297002373
x557,0.004112049942834001
x371,0.004109859662665743
x255,0.004109125281647446
x139,0.004108703166092646
x311,0.004083503742170777
x372,0.004075331395300436
x697,0.004066822278445507
x285,0.004063808595966994
x568,0.004063012176214261
x804,0.004051649627210019
x505,0.0040494881588700495
x45,0.00404785065007142
x438,0.0040441642024474245
x609,0.004037931994442512
x436,0.004018509987257118
x48,0.004011089734880449
x314,0.0040072383745251424
x435,0.003979083219188467
x184,0.00397648054986072
x461,0.003974860660341984
x417,0.0039740936685751516
x523,0.003971985220687112
x12,0.003971757366944167
x467,0.003964351923711579
x132,0.00396386688071515
x411,0.0039620623676277465
x729,0.003956117919799518
x795,0.003946410851402312
x333,0.003945415033986561
x468,0.003939477836231905
x544,0.003939143955427733
x561,0.0039374360325474
x501,0.003936358097843974
x473,0.003933415359416429
x535,0.003929670412875701
x83,0.003928967899014035
x341,0.00392448731290509
x470,0.00391876724378702
x253,0.003917416488681966
x741,0.003912871567199346
x786,0.003910498674677007
x220,0.0038865008225708194
x97,0.003880957397667782
x170,0.003880071789217864
x138,0.0038577977450400653
x779,0.0038557629613386567
x71,0.003855705137852995
x765,0.003848993061769442
x588,0.003844994750576206
x162,0.003842981462395494
x740,0.003823099612697112
x282,0.0038207501749665906
x537,0.00381755550558329
x689,0.0038150705171127136
x606,0.0038141425015974935
x270,0.0038123957559138564
x123,0.0038058695780930946
x506,0.0038051345990688405
x120,0.0038018155164998026
x426,0.003792826950568201
x622,0.0037921489439508905
x655,0.003790800124370249
x85,0.0037907873469000255
x637,0.0037901017721423793
x509,0.003783958534761717
x351,0.0037837521738014893
x43,0.003778955520181372
x616,0.0037745260064745447
x389,0.003769453371134391
x632,0.0037670213885392816
x771,0.003757447915884276
x674,0.0037482475721347655
x514,0.003747841223938166
x32,0.003732754805901613
x100,0.003720124787705876
x831,0.0037177268104238046
x322,0.0037116543928528115
x316,0.0037044021738046277
x60,0.0037004370033206966
x35,0.0036963408564660875
x534,0.003690570807336986
x826,0.0036893437781877884
x156,0.0036869130665641565
x643,0.003682031746826919
x799,0.003673756482909336
x576,0.003669648662708196
x631,0.0036692879443404798
x251,0.003662932247082794
x422,0.003661260806881406
x802,0.0036603155680117387
x676,0.00365669203251427
x30,0.0036482008521682274
x816,0.0036387659268515716
x502,0.003635189479958359
x28,0.0036312232912016833
x375,0.0036308981306647147
x101,0.00362946057541011
x246,0.0036187377747579725
x107,0.003613115996412478
x96,0.003612821000189809
x699,0.0036098121400475846
x105,0.0036040932286909694
x82,0.003598208639387786
x801,0.0035959078380228553
x261,0.00358938157027464
x602,0.0035826412389655584
x717,0.003575494836688785
x46,0.003567022597866105
x56,0.003565264861664037
x401,0.003564739770999758
x66,0.0035629049026825173
x304,0.0035530335546525038
x737,0.0035494493766292396
x626,0.003545768402841318
x656,0.0035323044643636925
x140,0.003529858636110955
x124,0.0035267951437410734
x300,0.003516223339777464
x601,0.003512976488900229
x122,0.003510469944022975
x388,0.003495519758989231
x136,0.0034924350610882606
x525,0.0034884574544352216
x497,0.0034868637612642047
x567,0.00347993123984397
x646,0.0034782032060695412
x591,0.00347734810060838
x340,0.0034678302267325315
x614,0.00346762770145815
x584,0.0034570397748377116
x7,0.0034455405717019076
x708,0.0034293685778830456
x597,0.0034200597826000686
x462,0.0034197483185428056
x219,0.003419627586602597
x645,0.0034096840736602416
x532,0.003407784114235554
x180,0.0034071471357595257
x221,0.003404070908581635
x474,0.0034030592137861216
x330,0.0034015166997113243
x808,0.003397158190653364
x441,0.0033947241764967057
x58,0.0033906583000668303
x8,0.0033844802834357324
x19,0.0033840537567895335
x774,0.003382389579672267
x552,0.003379890534503446
x273,0.00336632132889703
x460,0.003363633607968601
x74,0.0033621723889879413
x719,0.00335953615353474
x807,0.003350644810654637
x16,0.0033479015687936536
x549,0.003346994530393929
x118,0.0033467403589607916
x408,0.0033343488429703155
x109,0.003327585316132304
x772,0.003325048646693216
x754,0.003315889939731207
x197,0.003311079805145147
x735,0.0033102446013373718
x294,0.0033044868403569625
x600,0.003300574883973344
x503,0.003283918854437898
x153,0.0032754300654919636
x117,0.0032702097819821323
x360,0.0032658885730496713
x24,0.0032655065182621837
x733,0.0032622795764563235
x91,0.0032590510290531126
x582,0.003252609026111125
x627,0.0032525214741245877
x62,0.0032521441002750944
x131,0.0032520623763477607
x790,0.003248941140045245
x336,0.003244035930523842
x324,0.003239039971531476
x516,0.0032303877555286786
x695,0.003230251199443495
x806,0.0032280986292587293
x284,0.003205715795282349
x625,0.0032039695796433954
x321,0.0032023694135660113
x119,0.0031908469532463926
x714,0.0031902361932213226
x639,0.0031896700684348493
x248,0.0031871970614962765
x227,0.0031855930035069435
x684,0.003176658016551316
x794,0.003161034095453244
x743,0.0031547329340374844
x541,0.0031471065443216496
x355,0.003145644510579885
x736,0.0031360228033516934
x90,0.003128500651754635
x98,0.003126549000870204
x647,0.003095185847057879
x673,0.0030925620003481986
x244,0.0030895439087378538
x589,0.003083662450474056
x370,0.0030755217150558152
x202,0.003071769997805788
x533,0.00306398218965283
x651,0.0030602010758752755
x757,0.0030549869328882857
x127,0.003044774198339669
x424,0.003043218930502836
x73,0.0030388360170384115
x574,0.003038436195298124
x785,0.0030261675803405766
x753,0.003022617755449453
x490,0.003017630421819922
x190,0.0030139902857326956
x54,0.00301198050313672
x691,0.003006630482326198
x102,0.0029994569935313264
x36,0.0029873427198495776
x135,0.0029782342673205795
x367,0.0029711711698589592
x361,0.002969721966375261
x789,0.0029644424233043302
x237,0.0029608006748060604
x192,0.002958700764144132
x379,0.002953956585799798
x481,0.002951943357955821
x9,0.002949069987486246
x22,0.002944651219499544
x80,0.0029429968364850455
x86,0.0029400082916388945
x623,0.0029343097754711165
x38,0.0029294135809937727
x570,0.002923490398747347
x784,0.0029105593769606047
x400,0.0029059341313374936
x348,0.002899657924968578
x61,0.002897652106644653
x800,0.0028935099530939777
x3,0.0028857378566482504
x439,0.0028819170952621037
x434,0.002869903376666424
x792,0.0028621246629134804
x175,0.0028605789902153276
x374,0.002841481810657675
x677,0.002833199003392195
x491,0.002828297809657096
x303,0.002827776371069838
x599,0.0028148333285568867
x540,0.002814416510324732
x252,0.002808651275993337
x713,0.002804002527699761
x206,0.0027966232287750022
x57,0.002795219398381388
x798,0.002793850590303097
x205,0.0027794359080571067
x99,0.0027791960433859366
x664,0.002775399217019655
x111,0.0027743617782537366
x680,0.002770217038597082
x215,0.0027654474488086893
x409,0.00276384023474203
x116,0.002753886558652348
x483,0.0027521664859143672
x403,0.0027395227768056353
x11,0.00271050777888286
x17,0.002705072874422657
x407,0.002675382128112598
x147,0.0026656491965679667
x464,0.0026634592049037966
x390,0.002646785495630452
x347,0.0026354169058827232
x269,0.00263540296627395
x476,0.002632786510746697
x151,0.0026121362005180086
x160,0.002590225238372979
x710,0.0025673416747083585
x693,0.0025660794240469965
x37,0.002563454712040927
x88,0.0025544218811055473
x64,0.0025526992877449115
x174,0.002549139454455399
x149,0.002526528780041069
x814,0.0025252250707460226
x386,0.002457537151257724
x500,0.0024540556150258546
x442,0.00244892474953706
x307,0.0024486663361213976
x635,0.0024302167630316073
x583,0.002392257945066776
x335,0.00237645940084288
x810,0.002360827320423252
x727,0.00234682046905965
x694,0.0023263642027311496
x392,0.002313531658467998
x167,0.0023133657086765193
x797,0.0022923248464062395
x296,0.0022913200887233216
x198,0.0022818387979504614
x747,0.0022451611404037974
x331,0.0022303491559232287
x353,0.0021771260869431763
x524,0.002092685273822692
x305,0.0019956770968053263
x295,0.0019871611991450927
x262,0.0019691507353269974
x575,0.0018977864188528288
x593,0.0018920659143344943
x755,0.0018443999876554408
x579,0.0018328990549467891
x550,0.001818278316564146
x585,0.0017884196653395912
x607,0.0017013182265503536
x278,0.0016967762055209346
x148,0.0016292608621101706
x492,0.0016189072341603542
x289,0.0016021366424270188
x207,0.001572018197645933
x67,0.0015591934037429366
x229,0.0015579934684951436
x709,0.0015061730160820673
x519,0.0014614894433895235
x317,0.0013568440980573579
x803,0.0013422639507649455
x179,0.0013310486565332861
x79,0.001300432145656494
x605,0.0012708860953865968
x666,0.0012104455830865505
x446,0.0011752029204562492
x679,0.001170251357408823
x586,0.0011422287701678953
x384,0.0011125865925802158
x466,0.0011001896623110783
x195,0.0010991632773184985
x208,0.001071639566911034
x556,0.0010402967796962913
x185,0.00100774363622407
x281,0.0009686224760706304
x363,0.0009465349474217973
x338,0.0007967213137235428
x33,0.0007097860750249857
x724,0.0006733494804474649
x385,0.0006697076256875616
x682,0.0006261018409013168
x450,0.0005511448350096618
x815,0.0005400649546236418
x620,0.0005087759384941953
x189,0.0004362083202146423
x580,0.00026031195279813645
x104,0.0
x489,0.0
x129,0.0
x530,0.0
