epoch,step,train_loss
0,10,0.16663886606693268
1,21,0.14543040096759796
2,32,0.12847685813903809
3,43,0.11414409428834915
4,54,0.1018262580037117
5,65,0.09108961373567581
6,76,0.08162933588027954
7,87,0.07325676828622818
8,98,0.06585037708282471
9,109,0.059333354234695435
10,120,0.05363990366458893
11,131,0.048695482313632965
12,142,0.04442288726568222
13,153,0.040743228048086166
14,164,0.037572626024484634
15,175,0.03483135253190994
16,186,0.03244137391448021
17,197,0.03033522143959999
18,208,0.028458988294005394
19,219,0.026768650859594345
20,230,0.025229202583432198
21,241,0.023818906396627426
22,252,0.022523747757077217
23,263,0.021334387362003326
24,274,0.020239494740962982
25,285,0.019231954589486122
26,296,0.018304545432329178
27,307,0.017451057210564613
28,318,0.016665956005454063
29,329,0.01594432443380356
30,340,0.015282977372407913
31,351,0.014678583480417728
32,362,0.014126386493444443
33,373,0.013622586615383625
34,384,0.013164641335606575
35,395,0.012748610228300095
36,406,0.012371237389743328
37,417,0.012030019424855709
38,428,0.011721670627593994
39,439,0.01144291739910841
40,450,0.011190848425030708
41,461,0.010962679982185364
42,472,0.010756708681583405
43,483,0.010570978745818138
44,494,0.010403322987258434
45,505,0.01025178749114275
46,516,0.010114764794707298
47,527,0.009991073980927467
48,538,0.009879425168037415
49,549,0.009778446517884731
50,560,0.00968707725405693
51,571,0.009604241698980331
52,582,0.00952921062707901
53,593,0.009461277164518833
54,604,0.009399681352078915
55,615,0.009343848563730717
56,626,0.00929312314838171
57,637,0.00924701802432537
58,648,0.009205075912177563
59,659,0.009166888892650604
60,670,0.00913210492581129
61,681,0.009100401774048805
62,692,0.009071389213204384
63,703,0.009044826962053776
64,714,0.00902047473937273
65,725,0.008998100645840168
66,736,0.008977517485618591
67,747,0.008958529680967331
68,758,0.008940976113080978
69,769,0.008924713358283043
70,780,0.008909594267606735
71,791,0.00889550056308508
72,802,0.00888232421129942
73,813,0.008869977667927742
74,824,0.0088583929464221
75,835,0.008847427554428577
76,846,0.008837031200528145
77,857,0.00882713496685028
78,868,0.008817669004201889
79,879,0.008808568120002747
80,890,0.008799769915640354
81,901,0.008791242726147175
82,912,0.008783006109297276
83,923,0.008775035850703716
84,934,0.00876726396381855
85,945,0.008759708143770695
86,956,0.008752248249948025
87,967,0.008744902908802032
88,978,0.008737672120332718
89,989,0.008730501867830753
90,1000,0.008723351173102856
91,1011,0.008716252632439137
92,1022,0.008709188550710678
93,1033,0.00870212260633707
94,1044,0.008695035241544247
95,1055,0.0086878826841712
96,1066,0.008680656552314758
97,1077,0.008673371747136116
98,1088,0.008666041307151318
99,1099,0.008658615872263908
100,1110,0.008651095442473888
101,1121,0.008643456734716892
102,1132,0.008635670877993107
103,1143,0.008627735078334808
104,1154,0.008619637228548527
105,1165,0.008611381985247135
106,1176,0.008603125810623169
107,1187,0.00859474204480648
108,1198,0.008586172945797443
109,1209,0.008577421307563782
110,1220,0.00856855884194374
111,1231,0.008559588342905045
112,1242,0.008550426922738552
113,1253,0.008541042916476727
114,1264,0.008531576953828335
115,1275,0.00852186605334282
116,1286,0.00851199496537447
117,1297,0.00850193202495575
118,1308,0.008491645567119122
119,1319,0.008481081575155258
120,1330,0.008470412343740463
121,1341,0.008459470234811306
122,1352,0.008448231033980846
123,1363,0.008436670526862144
124,1374,0.008424820378422737
125,1385,0.008412736468017101
126,1396,0.008400348015129566
127,1407,0.008387614972889423
128,1418,0.008374572731554508
129,1429,0.008361229673027992
130,1440,0.008347544819116592
131,1451,0.00833349209278822
132,1462,0.008319244720041752
133,1473,0.008304756134748459
134,1484,0.008289971388876438
135,1495,0.008275073021650314
136,1506,0.00825989618897438
137,1517,0.008244380354881287
138,1528,0.008228614926338196
139,1539,0.008212692104279995
140,1550,0.008196508511900902
141,1561,0.00818006880581379
142,1572,0.00816328451037407
143,1583,0.008146200329065323
144,1594,0.008128831163048744
145,1605,0.008111079223453999
146,1616,0.008092936128377914
147,1627,0.008074412122368813
148,1638,0.008055868558585644
149,1649,0.008036968298256397
150,1660,0.008017739281058311
151,1671,0.007998189888894558
152,1682,0.007978270761668682
153,1693,0.007957987487316132
154,1704,0.007937348447740078
155,1715,0.007916292175650597
156,1726,0.007894999347627163
157,1737,0.007873434573411942
158,1748,0.007851555943489075
159,1759,0.00782932061702013
160,1770,0.0078066615387797356
161,1781,0.007783679291605949
162,1792,0.007760560140013695
163,1803,0.007737152744084597
164,1814,0.0077134077437222
165,1825,0.0076894438825547695
166,1836,0.007665162906050682
167,1847,0.007640514988452196
168,1858,0.0076156798750162125
169,1869,0.007590555585920811
170,1880,0.007565269246697426
171,1891,0.007539747748523951
172,1902,0.00751386908814311
173,1913,0.00748786237090826
174,1924,0.007461808156222105
175,1935,0.007435606326907873
176,1946,0.007409302052110434
177,1957,0.007382886949926615
178,1968,0.007356300484389067
179,1979,0.007329481653869152
180,1990,0.007302444893866777
181,2001,0.0072752502746880054
182,2012,0.007247958332300186
183,2023,0.0072205038741230965
184,2034,0.007192807737737894
185,2045,0.007164909970015287
186,2056,0.007137014996260405
187,2067,0.007109006401151419
188,2078,0.007081062998622656
189,2089,0.0070530264638364315
190,2100,0.0070249163545668125
191,2111,0.00699664605781436
192,2122,0.006968330591917038
193,2133,0.006940135266631842
194,2144,0.006911860313266516
195,2155,0.006883569993078709
196,2166,0.006855186074972153
197,2177,0.006826730445027351
198,2188,0.006798441056162119
199,2199,0.006770148873329163
200,2210,0.006742042023688555
201,2221,0.006714214105159044
202,2232,0.006686387117952108
203,2243,0.0066584995947778225
204,2254,0.006630593910813332
205,2265,0.006602805573493242
206,2276,0.006575094070285559
207,2287,0.00654737139120698
208,2298,0.006519694346934557
209,2309,0.006492114160209894
210,2320,0.006464497186243534
211,2331,0.006436953321099281
212,2342,0.006409474182873964
213,2353,0.006382104940712452
214,2364,0.006354785058647394
215,2375,0.006327611394226551
216,2386,0.006300533190369606
217,2397,0.006273563951253891
218,2408,0.00624669436365366
219,2419,0.00621999753639102
220,2430,0.006193436216562986
221,2441,0.006166907027363777
222,2452,0.006140482146292925
223,2463,0.006114176940172911
224,2474,0.00608803890645504
225,2485,0.006062053143978119
226,2496,0.0060361758805811405
227,2507,0.0060104127041995525
228,2518,0.005984839517623186
229,2529,0.005959531292319298
230,2540,0.0059343501925468445
231,2551,0.005909359082579613
232,2562,0.005884520709514618
233,2573,0.005859841592609882
234,2584,0.005835316609591246
235,2595,0.005810938775539398
236,2606,0.005786743015050888
237,2617,0.005762797314673662
238,2628,0.005739213433116674
239,2639,0.005715873558074236
240,2650,0.00569276325404644
241,2661,0.005669827107340097
242,2672,0.005647060461342335
243,2683,0.005624672863632441
244,2694,0.005602479912340641
245,2705,0.005580451339483261
246,2716,0.005558730568736792
247,2727,0.005537225399166346
248,2738,0.005515914876013994
249,2749,0.0054948036558926105
250,2760,0.00547388568520546
251,2771,0.005453153979033232
252,2782,0.005432615522295237
253,2793,0.005412253085523844
254,2804,0.005392180290073156
255,2815,0.005372300278395414
256,2826,0.005352617707103491
257,2837,0.005333136301487684
258,2848,0.005313853733241558
259,2859,0.0052947718650102615
260,2870,0.005275890696793795
261,2881,0.005257217679172754
262,2892,0.0052387588657438755
263,2903,0.00522050354629755
264,2914,0.005202433560043573
265,2925,0.005184594076126814
266,2936,0.00516698881983757
267,2947,0.00514960614964366
268,2958,0.005132474936544895
269,2969,0.005115533713251352
270,2980,0.005098788533359766
271,2991,0.005082251504063606
272,3002,0.0050659687258303165
273,3013,0.005049899220466614
274,3024,0.005034028552472591
275,3035,0.005018350202590227
276,3046,0.005002871155738831
277,3057,0.004987588617950678
278,3068,0.004972504917532206
279,3079,0.004957627039402723
280,3090,0.00494293263182044
281,3101,0.004928429611027241
282,3112,0.0049141221679747105
283,3123,0.004900004714727402
284,3134,0.004886077716946602
285,3145,0.004872335586696863
286,3156,0.004858780652284622
287,3167,0.004845410119742155
288,3178,0.004832201171666384
289,3189,0.00481922784820199
290,3200,0.0048064542934298515
291,3211,0.004793827887624502
292,3222,0.0047813719138503075
293,3233,0.004769138991832733
294,3244,0.004757051356136799
295,3255,0.004745133221149445
296,3266,0.004733376670628786
297,3277,0.004721791483461857
298,3288,0.0047103725373744965
299,3299,0.004699112847447395
300,3310,0.004688015207648277
301,3321,0.0046770754270255566
302,3332,0.004666293505579233
303,3343,0.004655668046325445
304,3354,0.0046452125534415245
305,3365,0.00463495496660471
306,3376,0.004624808207154274
307,3387,0.004614798817783594
308,3398,0.004604952875524759
309,3409,0.004595251753926277
310,3420,0.004585694056004286
311,3431,0.0045762863010168076
312,3442,0.004567017778754234
313,3453,0.004557877779006958
314,3464,0.004548840690404177
315,3475,0.004539933055639267
316,3486,0.004531149286776781
317,3497,0.004522495903074741
318,3508,0.0045139724388718605
319,3519,0.004505571909248829
320,3530,0.0044973078183829784
321,3541,0.004489211831241846
322,3552,0.004481208045035601
323,3563,0.004473323002457619
324,3574,0.004465584643185139
325,3585,0.004457950126379728
326,3596,0.0044504208490252495
327,3607,0.0044429972767829895
328,3618,0.004435698967427015
329,3629,0.004428489599376917
330,3640,0.004421466961503029
331,3651,0.004414632450789213
332,3662,0.004407879896461964
333,3673,0.004401225131005049
334,3684,0.00439466955140233
335,3695,0.004388229455798864
336,3706,0.004381909966468811
337,3717,0.004375671502202749
338,3728,0.004369524773210287
339,3739,0.004363472107797861
340,3750,0.004357508849352598
341,3761,0.0043516382575035095
342,3772,0.0043458533473312855
343,3783,0.004340186715126038
344,3794,0.004334612283855677
345,3805,0.004329139366745949
346,3816,0.004323769360780716
347,3827,0.004318482708185911
348,3838,0.00431329058483243
349,3849,0.004308149218559265
350,3860,0.004303121939301491
351,3871,0.004298145417124033
352,3882,0.004293265286833048
353,3893,0.004288441501557827
354,3904,0.0042837332002818584
355,3915,0.004279086831957102
356,3926,0.004274520091712475
357,3937,0.004270086530596018
358,3948,0.0042656720615923405
359,3959,0.004261337220668793
360,3970,0.004257092718034983
361,3981,0.004252878949046135
362,3992,0.0042487336322665215
363,4003,0.004244690760970116
364,4014,0.004240715876221657
365,4025,0.0042368038557469845
366,4036,0.0042329467833042145
367,4047,0.004229141864925623
368,4058,0.0042253886349499226
369,4069,0.004221684765070677
370,4080,0.004218030720949173
371,4091,0.004214423708617687
372,4102,0.00421086885035038
373,4113,0.004207397345453501
374,4124,0.0042039682157337666
375,4135,0.004200579132884741
376,4146,0.004197232890874147
377,4157,0.0041939313523471355
378,4168,0.0041906703263521194
379,4179,0.004187449812889099
380,4190,0.004184267949312925
381,4201,0.004181123338639736
382,4212,0.004178020171821117
383,4223,0.00417497381567955
384,4234,0.00417195912450552
385,4245,0.004168979357928038
386,4256,0.004166042432188988
387,4267,0.004163171164691448
388,4278,0.004160333890467882
389,4289,0.004157526418566704
390,4300,0.004154760856181383
391,4311,0.00415203208103776
392,4322,0.004149352665990591
393,4333,0.004146707244217396
394,4344,0.004144101403653622
395,4355,0.004141525365412235
396,4366,0.004138994961977005
397,4377,0.004136522300541401
398,4388,0.004134065937250853
399,4399,0.004131640307605267
400,4410,0.0041292402893304825
401,4421,0.004126864951103926
402,4432,0.004124519415199757
403,4443,0.0041221980936825275
404,4454,0.004119921009987593
405,4465,0.0041177100501954556
406,4476,0.004115527495741844
407,4487,0.004113354254513979
408,4498,0.00411120755597949
409,4509,0.004109089728444815
410,4520,0.004107003100216389
411,4531,0.004104938358068466
412,4542,0.004102901555597782
413,4553,0.004100896418094635
414,4564,0.004098915494978428
415,4575,0.004096972290426493
416,4586,0.004095050971955061
417,4597,0.004093156661838293
418,4608,0.004091286100447178
419,4619,0.004089439287781715
420,4630,0.0040876129642128944
421,4641,0.004085811320692301
422,4652,0.004084019921720028
423,4663,0.004082278348505497
424,4674,0.004080579616129398
425,4685,0.004078875761479139
426,4696,0.00407719612121582
427,4707,0.004075570963323116
428,4718,0.0040739537216722965
429,4729,0.004072335083037615
430,4740,0.004070738330483437
431,4751,0.004069166257977486
432,4762,0.004067614674568176
433,4773,0.004066080320626497
434,4784,0.004064563196152449
435,4795,0.0040630754083395
436,4806,0.004061597399413586
437,4817,0.004060152918100357
438,4828,0.004058733116835356
439,4839,0.00405732961371541
440,4850,0.004055943340063095
441,4861,0.004054567310959101
442,4872,0.004053209442645311
443,4883,0.004051854833960533
444,4894,0.004050516523420811
445,4905,0.004049191251397133
446,4916,0.004047877620905638
447,4927,0.004046573769301176
448,4938,0.004045277833938599
449,4949,0.00404399074614048
450,4960,0.004042715299874544
451,4971,0.0040414524264633656
452,4982,0.004040193278342485
453,4993,0.00403894018381834
454,5004,0.004037696402519941
455,5015,0.004036457743495703
456,5026,0.004035234916955233
457,5037,0.004034031648188829
458,5048,0.0040328409522771835
459,5059,0.004031643737107515
460,5070,0.004030457232147455
461,5081,0.004029282834380865
462,5092,0.004028118681162596
463,5103,0.0040269712917506695
464,5114,0.004025809932500124
465,5125,0.004024676512926817
466,5136,0.004023533780127764
467,5147,0.004022416193038225
468,5158,0.00402129627764225
469,5169,0.004020181484520435
470,5180,0.004019074607640505
471,5191,0.004017974250018597
472,5202,0.004016880877315998
473,5213,0.004015795886516571
474,5224,0.004014714155346155
475,5235,0.004013643134385347
476,5246,0.004012579098343849
477,5257,0.0040115234442055225
478,5268,0.004010480362921953
479,5279,0.004009445197880268
480,5290,0.004008416086435318
481,5301,0.004007390700280666
482,5312,0.0040063681080937386
483,5323,0.004005349241197109
484,5334,0.004004332702606916
485,5345,0.0040033189579844475
486,5356,0.004002307541668415
487,5367,0.004001298453658819
488,5378,0.0040002926252782345
489,5389,0.003999289125204086
490,5400,0.003998286556452513
491,5411,0.003997288178652525
492,5422,0.003996291663497686
493,5433,0.003995297010987997
494,5444,0.003994309809058905
495,5455,0.003993325866758823
496,5466,0.003992345184087753
497,5477,0.00399136682972312
498,5488,0.003990393131971359
499,5499,0.003989417105913162
500,5510,0.003988448064774275
501,5521,0.003987482748925686
502,5532,0.003986521624028683
503,5543,0.003985557705163956
504,5554,0.0039846026338636875
505,5565,0.003983651287853718
506,5576,0.003982703201472759
507,5587,0.00398175697773695
508,5598,0.003980811219662428
509,5609,0.003979867324233055
510,5620,0.0039789252914488316
511,5631,0.003977982793003321
512,5642,0.003977042622864246
513,5653,0.003976101987063885
514,5664,0.0039751650765538216
515,5675,0.00397422444075346
516,5686,0.003973290789872408
517,5697,0.003972361329942942
518,5708,0.003971435129642487
519,5719,0.003970513120293617
520,5730,0.0039695980958640575
521,5741,0.003968666773289442
522,5752,0.003967761993408203
523,5763,0.003966845106333494
524,5774,0.00396594638004899
525,5785,0.003965032286942005
526,5796,0.00396413030102849
527,5807,0.0039632366970181465
528,5818,0.003962358925491571
529,5829,0.00396145973354578
530,5840,0.003960565663874149
531,5851,0.00395967997610569
532,5862,0.003958795219659805
533,5873,0.003957911394536495
534,5884,0.003957030363380909
535,5895,0.003956132102757692
536,5906,0.003955267369747162
537,5917,0.003954394720494747
538,5928,0.003953518811613321
539,5939,0.003952644299715757
540,5950,0.003951746504753828
541,5961,0.003950884565711021
542,5972,0.003950019367039204
543,5983,0.003949128091335297
544,5994,0.003948271740227938
545,6005,0.0039473893120884895
546,6016,0.003946551587432623
547,6027,0.003945671021938324
548,6038,0.003944821190088987
549,6049,0.003943942952901125
550,6060,0.003943079151213169
551,6071,0.003942237235605717
552,6082,0.003941365517675877
553,6093,0.003940506838262081
554,6104,0.003939668647944927
555,6115,0.003938802517950535
556,6126,0.003937944769859314
557,6137,0.003937100525945425
558,6148,0.0039362674579024315
559,6159,0.003935403190553188
560,6170,0.003934547770768404
561,6181,0.003933698870241642
562,6192,0.003932853229343891
563,6203,0.003932009916752577
564,6214,0.003931168466806412
565,6225,0.003930327016860247
566,6236,0.003929488360881805
567,6247,0.003928652964532375
568,6258,0.003927812445908785
569,6269,0.003926964942365885
570,6280,0.003926133271306753
571,6291,0.0039252955466508865
572,6302,0.003924456890672445
573,6313,0.003923618700355291
574,6324,0.003922782838344574
575,6335,0.003921948838979006
576,6346,0.003921112511307001
577,6357,0.003920278511941433
578,6368,0.003919447306543589
579,6379,0.003918617032468319
580,6390,0.003917787689715624
581,6401,0.003916958346962929
582,6412,0.003916129469871521
583,6423,0.003915300592780113
584,6434,0.003914470784366131
585,6445,0.003913641907274723
586,6456,0.003912813030183315
587,6467,0.003911984618753195
588,6478,0.003911154810339212
589,6489,0.003910326398909092
590,6500,0.0039094979874789715
591,6511,0.003908669110387564
592,6522,0.003907839301973581
593,6533,0.003907009493559599
594,6544,0.003906180616468191
595,6555,0.003905351273715496
596,6566,0.0039045223966240883
597,6577,0.0039036916568875313
598,6588,0.003902862314134836
599,6599,0.00390203227289021
600,6610,0.003901202930137515
601,6621,0.0039003712590783834
602,6632,0.0038995391223579645
603,6643,0.0038987058214843273
604,6654,0.0038978722877800465
605,6665,0.003897038521245122
606,6676,0.00389620428904891
607,6687,0.0038953712210059166
608,6698,0.003894537454470992
609,6709,0.0038937036879360676
610,6720,0.0038928696885704994
611,6731,0.0038920361548662186
612,6742,0.0038912026211619377
613,6753,0.0038903686217963696
614,6764,0.003889536252245307
615,6775,0.003888694103807211
616,6786,0.0038878689520061016
617,6797,0.0038870491553097963
618,6808,0.0038862228393554688
619,6819,0.0038854002486914396
620,6830,0.0038845897652208805
621,6841,0.0038837518077343702
622,6852,0.0038829215336591005
623,6863,0.0038820961490273476
624,6874,0.003881271928548813
625,6885,0.003880440955981612
626,6896,0.0038796134758740664
627,6907,0.00387879041954875
628,6918,0.0038779652677476406
629,6929,0.0038771391846239567
630,6940,0.0038763058837503195
631,6951,0.0038754777051508427
632,6962,0.0038746523205190897
633,6973,0.0038738264702260494
634,6984,0.0038729992229491472
635,6995,0.0038721715100109577
636,7006,0.0038713428657501936
637,7017,0.003870513755828142
638,7028,0.003869685111567378
639,7039,0.003868855070322752
640,7050,0.0038680266588926315
641,7061,0.003867197083309293
642,7072,0.0038663672748953104
643,7083,0.0038655383978039026
644,7094,0.00386470346711576
645,7105,0.0038638776168227196
646,7116,0.003863050602376461
647,7127,0.0038622175343334675
648,7138,0.0038613914512097836
649,7149,0.0038605588488280773
650,7160,0.0038597339298576117
651,7171,0.0038589020259678364
652,7182,0.003858076874166727
653,7193,0.0038572445046156645
654,7204,0.003856418887153268
655,7215,0.003855577204376459
656,7226,0.003854762064293027
657,7237,0.0038539369124919176
658,7248,0.0038530982565134764
659,7259,0.00385227520018816
660,7270,0.003851457964628935
661,7281,0.0038506435230374336
662,7292,0.003849806496873498
663,7303,0.0038489720318466425
664,7314,0.0038481552619487047
665,7325,0.0038473261520266533
666,7336,0.003846496809273958
667,7347,0.0038456786423921585
668,7358,0.0038448439445346594
669,7369,0.0038440225180238485
670,7380,0.003843204351142049
671,7391,0.003842369420453906
672,7402,0.0038415398448705673
673,7413,0.003840725403279066
674,7424,0.003839892568066716
675,7435,0.003839064622297883
676,7446,0.0038382457569241524
677,7457,0.003837421303614974
678,7468,0.003836606862023473
679,7479,0.0038357735611498356
680,7490,0.003834944451227784
681,7501,0.003834119299426675
682,7512,0.0038332967087626457
683,7523,0.0038324741180986166
684,7534,0.003831651993095875
685,7545,0.003830831963568926
686,7556,0.003830002387985587
687,7567,0.0038291937671601772
688,7578,0.0038283546455204487
689,7589,0.003827529726549983
690,7600,0.0038266978226602077
691,7611,0.0038258766289800406
692,7622,0.0038250491488724947
693,7633,0.003824230283498764
694,7644,0.003823404898867011
695,7655,0.0038225760217756033
696,7666,0.00382175762206316
697,7677,0.003820932935923338
698,7688,0.003820103593170643
699,7699,0.0038192844949662685
700,7710,0.0038184605073183775
701,7721,0.0038176346570253372
702,7732,0.003816804615780711
703,7743,0.00381598062813282
704,7754,0.003815165488049388
705,7765,0.003814342664554715
706,7776,0.0038135123904794455
707,7787,0.0038126904983073473
708,7798,0.003811868606135249
709,7809,0.003811041358858347
710,7820,0.0038102201651781797
711,7831,0.0038093971088528633
712,7842,0.00380856916308403
713,7853,0.0038077491335570812
714,7864,0.0038069228176027536
715,7875,0.0038061023224145174
716,7886,0.0038052769377827644
717,7897,0.003804457141086459
718,7908,0.003803631290793419
719,7919,0.0038028121925890446
720,7930,0.003801985178142786
721,7941,0.003801161888986826
722,7952,0.0038003441877663136
723,7963,0.003799518570303917
724,7974,0.0037986994720995426
725,7985,0.003797873156145215
726,7996,0.003797049866989255
727,8007,0.0037962321657687426
728,8018,0.003795407246798277
729,8029,0.003794583259150386
730,8040,0.003793761832639575
731,8051,0.003792943898588419
732,8062,0.0037921115290373564
733,8073,0.003791274968534708
734,8084,0.00379044353030622
735,8095,0.0037896153517067432
736,8106,0.003788792062550783
737,8117,0.0037879622541368008
738,8128,0.0037871343083679676
739,8139,0.0037863070610910654
740,8150,0.003785481210798025
741,8161,0.0037846548948436975
742,8172,0.003783829975873232
743,8183,0.0037830036599189043
744,8194,0.00378217501565814
745,8205,0.0037813554517924786
746,8216,0.003780530532822013
747,8227,0.0037797035183757544
748,8238,0.0037788772024214268
749,8249,0.00377805158495903
750,8260,0.0037772234063595533
751,8271,0.0037764031440019608
752,8282,0.003775577526539564
753,8293,0.0037747505120933056
754,8304,0.003773924894630909
755,8315,0.003773096017539501
756,8326,0.0037722771521657705
757,8337,0.003771451534703374
758,8348,0.003770622191950679
759,8359,0.003769803326576948
760,8370,0.0037689777091145515
761,8381,0.0037681490648537874
762,8392,0.0037673297338187695
763,8403,0.003766505280509591
764,8414,0.0037656757049262524
765,8425,0.0037648568395525217
766,8436,0.003764032619073987
767,8447,0.003763203276321292
768,8458,0.0037623781245201826
769,8469,0.0037615529727190733
770,8480,0.0037607220001518726
771,8491,0.0037598880007863045
772,8502,0.003759062383323908
773,8513,0.0037582418881356716
774,8524,0.0037574106827378273
775,8535,0.0037565850652754307
776,8546,0.0037557645700871944
777,8557,0.0037549338303506374
778,8568,0.003754108678549528
779,8579,0.003753288183361292
780,8590,0.003752458840608597
781,8601,0.003751633455976844
782,8612,0.003750810632482171
783,8623,0.0037499871104955673
784,8634,0.0037491638213396072
785,8645,0.0037483430933207273
786,8656,0.0037475142162293196
787,8667,0.003746690461412072
788,8678,0.003745868569239974
789,8689,0.003745046444237232
790,8700,0.003744222689419985
791,8711,0.0037434014957398176
792,8722,0.003742579836398363
793,8733,0.003741757944226265
794,8744,0.0037409362848848104
795,8755,0.0037401148583739996
796,8766,0.003739293897524476
797,8777,0.003738472005352378
798,8788,0.003737651277333498
799,8799,0.0037368310149759054
800,8810,0.003736010519787669
801,8821,0.003735191188752651
802,8832,0.0037343716248869896
803,8843,0.0037335511296987534
804,8854,0.0037327322643250227
805,8865,0.0037319129332900047
806,8876,0.003731094766408205
807,8887,0.0037302765995264053
808,8898,0.0037294584326446056
809,8909,0.0037286411970853806
810,8920,0.003727823728695512
811,8931,0.0037270064931362867
812,8942,0.0037261901888996363
813,8953,0.0037253734190016985
814,8964,0.0037245575804263353
815,8975,0.0037237415090203285
816,8986,0.00372292660176754
817,8997,0.003722109831869602
818,9008,0.0037212923634797335
819,9019,0.0037204755935817957
820,9030,0.003719659522175789
821,9041,0.003718844149261713
822,9052,0.003718029474839568
823,9063,0.003717215731739998
824,9074,0.0037163994275033474
825,9085,0.0037155889440327883
826,9096,0.0037147807888686657
827,9107,0.0037139656487852335
828,9118,0.003713155398145318
829,9129,0.0037123465444892645
830,9140,0.00371153699234128
831,9151,0.0037107274401932955
832,9162,0.0037099183537065983
833,9173,0.003709109965711832
834,9184,0.003708301344886422
835,9195,0.0037074927240610123
836,9206,0.0037066848017275333
837,9217,0.0037058766465634108
838,9228,0.0037050696555525064
839,9239,0.003704262198880315
840,9250,0.0037034552078694105
841,9261,0.003702649148181081
842,9272,0.003701843088492751
843,9283,0.0037010377272963524
844,9294,0.00370023213326931
845,9305,0.003699427703395486
846,9316,0.0036986228078603745
847,9327,0.0036978190764784813
848,9338,0.0036970151122659445
849,9349,0.0036962120793759823
850,9360,0.003695409744977951
851,9371,0.0036946069449186325
852,9382,0.0036938050761818886
853,9393,0.0036930039059370756
854,9404,0.0036922029685229063
855,9415,0.003691399469971657
856,9426,0.0036905952729284763
857,9437,0.003689792472869158
858,9448,0.0036889901384711266
859,9459,0.003688184078782797
860,9470,0.0036873789504170418
861,9481,0.003686577547341585
862,9492,0.0036857775412499905
863,9503,0.0036849798634648323
864,9514,0.003684182884171605
865,9525,0.0036833875346928835
866,9536,0.0036825912538915873
867,9547,0.0036817986983805895
868,9558,0.003681008704006672
869,9569,0.003680218942463398
870,9580,0.0036794315092265606
871,9591,0.003678646869957447
872,9602,0.003677862696349621
873,9613,0.003677079686895013
874,9624,0.0036762962117791176
875,9635,0.003675514366477728
876,9646,0.0036747329868376255
877,9657,0.003673952305689454
878,9668,0.0036731723230332136
879,9679,0.003672393737360835
880,9690,0.0036716153845191
881,9701,0.0036708381958305836
882,9712,0.003670061705633998
883,9723,0.0036692856810986996
884,9734,0.003668510587885976
885,9745,0.0036677357275038958
886,9756,0.0036669617984443903
887,9767,0.0036661927588284016
888,9778,0.003665423719212413
889,9789,0.0036646556109189987
890,9800,0.0036638907622545958
891,9811,0.003663127077743411
892,9822,0.0036623659543693066
893,9833,0.0036616052966564894
894,9844,0.0036608451046049595
895,9855,0.003660088637843728
896,9866,0.0036593310069292784
897,9877,0.003658577799797058
898,9888,0.0036578287836164236
899,9899,0.003657082561403513
900,9910,0.003656336572021246
901,9921,0.0036555896513164043
902,9932,0.0036548429634422064
903,9943,0.0036540967412292957
904,9954,0.003653348423540592
905,9965,0.0036526042968034744
906,9976,0.003651856444776058
907,9987,0.0036511037033051252
908,9998,0.0036503502633422613
909,10009,0.003649598453193903
910,10020,0.003648847108706832
911,10031,0.00364809762686491
912,10042,0.0036473472137004137
913,10053,0.003646598430350423
914,10064,0.0036458498798310757
915,10075,0.0036451020278036594
916,10086,0.0036443560384213924
917,10097,0.003643609816208482
918,10108,0.00364286289550364
919,10119,0.0036421092227101326
920,10130,0.003641358111053705
921,10141,0.0036406037397682667
922,10152,0.0036398451775312424
923,10163,0.003639086615294218
924,10174,0.003638329217210412
925,10185,0.003637570422142744
926,10196,0.003636816516518593
927,10207,0.0036360726226121187
928,10218,0.0036353226751089096
929,10229,0.0036345822736620903
930,10240,0.0036338521167635918
931,10251,0.0036331245210021734
932,10262,0.0036323973909020424
933,10273,0.0036316695623099804
934,10284,0.003630943363532424
935,10295,0.003630217397585511
936,10306,0.003629492362961173
937,10317,0.0036287682596594095
938,10328,0.003628044156357646
939,10339,0.0036273207515478134
940,10350,0.003626598045229912
941,10361,0.0036258758045732975
942,10372,0.003625154495239258
943,10383,0.003624433884397149
944,10394,0.00362371071241796
945,10405,0.003622988937422633
946,10416,0.003622269257903099
947,10427,0.0036215512081980705
948,10438,0.0036208336241543293
949,10449,0.003620116040110588
950,10460,0.003619401715695858
951,10471,0.0036186850629746914
952,10482,0.0036179644521325827
953,10493,0.0036172496620565653
954,10504,0.0036165383644402027
955,10515,0.0036158247385174036
956,10526,0.0036151092499494553
957,10537,0.0036143981851637363
958,10548,0.00361368409357965
959,10559,0.0036129707004874945
960,10570,0.00361225800588727
961,10581,0.003611547639593482
962,10592,0.0036108391359448433
963,10603,0.003610127605497837
964,10614,0.003609416773542762
965,10625,0.003608709666877985
966,10636,0.003607999999076128
967,10647,0.0036072900984436274
968,10658,0.003606581361964345
969,10669,0.0036058747209608555
970,10680,0.0036051699426025152
971,10691,0.0036044663283973932
972,10702,0.0036037571262568235
973,10713,0.0036030500195920467
974,10724,0.0036023473367094994
975,10735,0.003601642092689872
976,10746,0.003600940341129899
977,10757,0.0036002451088279486
978,10768,0.0035995463840663433
979,10779,0.0035988460294902325
980,10790,0.00359814940020442
981,10801,0.0035974530037492514
982,10812,0.0035967519506812096
983,10823,0.0035960532259196043
984,10834,0.003595357993617654
985,10845,0.0035946634598076344
986,10856,0.0035939649678766727
987,10867,0.0035932669416069984
988,10878,0.003592573804780841
989,10889,0.0035918820649385452
990,10900,0.003591187996789813
991,10911,0.003590491134673357
992,10922,0.0035897959023714066
993,10933,0.00358910602517426
994,10944,0.0035884154494851828
995,10955,0.003587724408134818
996,10966,0.0035870324354618788
997,10977,0.003586338832974434
998,10988,0.0035856463946402073
999,10999,0.003584959078580141
1000,11010,0.003584271762520075
1001,11021,0.0035835830494761467
1002,11032,0.003582894802093506
1003,11043,0.0035822070203721523
1004,11054,0.0035815173760056496
1005,11065,0.0035808261018246412
1006,11076,0.003580135526135564
1007,11087,0.0035794510040432215
1008,11098,0.00357876718044281
1009,11109,0.003578081028535962
1010,11120,0.003577394410967827
1011,11131,0.0035767098888754845
1012,11142,0.0035760249011218548
1013,11153,0.0035753403790295124
1014,11164,0.0035746563225984573
1015,11175,0.0035739727318286896
1016,11186,0.003573291003704071
1017,11197,0.0035726013593375683
1018,11208,0.0035719326697289944
1019,11219,0.0035712551325559616
1020,11230,0.0035705682821571827
1021,11241,0.0035699033178389072
1022,11252,0.003569220192730427
1023,11263,0.003568550804629922
1024,11274,0.003567867912352085
1025,11285,0.0035671996884047985
1026,11296,0.003566516563296318
1027,11307,0.003565849969163537
1028,11318,0.003565167309716344
1029,11329,0.0035644937306642532
1030,11340,0.0035638343542814255
1031,11351,0.003563146572560072
1032,11362,0.0035624774172902107
1033,11373,0.0035618094261735678
1034,11384,0.003561147255823016
1035,11395,0.003560460638254881
1036,11406,0.0035597924143075943
1037,11417,0.0035591262858361006
1038,11428,0.0035584589932113886
1039,11439,0.0035577889066189528
1040,11450,0.003557122778147459
1041,11461,0.003556453390046954
1042,11472,0.0035557872615754604
1043,11483,0.003555119037628174
1044,11494,0.003554453607648611
1045,11505,0.003553784219548106
1046,11516,0.003553119720891118
1047,11527,0.0035524514969438314
1048,11538,0.0035517883952707052
1049,11549,0.0035511201713234186
1050,11560,0.003550457302480936
1051,11571,0.0035497890785336494
1052,11582,0.0035491285379976034
1053,11593,0.003548457520082593
1054,11604,0.003547806292772293
1055,11615,0.003547136439010501
1056,11626,0.00354648451320827
1057,11637,0.003545814659446478
1058,11648,0.003545164130628109
1059,11659,0.0035444938112050295
1060,11670,0.0035438425838947296
1061,11681,0.003543183207511902
1062,11692,0.0035425270907580853
1063,11703,0.003541861893609166
1064,11714,0.003541218116879463
1065,11725,0.003540552919730544
1066,11736,0.003539911238476634
1067,11747,0.0035392465069890022
1068,11758,0.0035386092495173216
1069,11769,0.003537944285199046
1070,11780,0.003537313546985388
1071,11791,0.003536648815497756
1072,11802,0.0035360262263566256
1073,11813,0.003535364754498005
1074,11824,0.003534751245751977
1075,11835,0.003534097922965884
1076,11846,0.0035335056018084288
1077,11857,0.003532856237143278
1078,11868,0.003532277885824442
1079,11879,0.003531627357006073
1080,11890,0.003531055524945259
1081,11901,0.003530410584062338
1082,11912,0.0035298538859933615
1083,11923,0.0035292136017233133
1084,11934,0.0035286617930978537
1085,11945,0.003528015920892358
1086,11956,0.0035274564288556576
1087,11967,0.0035267972853034735
1088,11978,0.0035262166056782007
1089,11989,0.003525538370013237
1090,12000,0.003524930914863944
1091,12011,0.003524233354255557
1092,12022,0.0035235986579209566
1093,12033,0.0035228878259658813
1094,12044,0.003522232873365283
1095,12055,0.0035215173847973347
1096,12066,0.0035208514891564846
1097,12077,0.0035201471764594316
1098,12088,0.003519477555528283
1099,12099,0.0035187534522265196
1100,12110,0.0035180815029889345
1101,12121,0.003517385572195053
1102,12132,0.0035167005844414234
1103,12143,0.003516001394018531
1104,12154,0.0035153436474502087
1105,12165,0.003514660755172372
1106,12176,0.0035140051040798426
1107,12187,0.0035133352503180504
1108,12198,0.0035126679576933384
1109,12209,0.0035120307002216578
1110,12220,0.0035113797057420015
1111,12231,0.003510718932375312
1112,12242,0.0035100511740893126
1113,12253,0.0035094060003757477
1114,12264,0.0035087494179606438
1115,12275,0.003508104709908366
1116,12286,0.003507477231323719
1117,12297,0.0035068062134087086
1118,12308,0.003506166161969304
1119,12319,0.0035055174957960844
1120,12330,0.003504878142848611
1121,12341,0.0035042455419898033
1122,12352,0.0035035968758165836
1123,12363,0.003502935403957963
1124,12374,0.0035022967495024204
1125,12385,0.0035016646143049
1126,12396,0.003501039929687977
1127,12407,0.0035003870725631714
1128,12418,0.003499747719615698
1129,12429,0.0034991097636520863
1130,12440,0.0034984759986400604
1131,12451,0.0034978329204022884
1132,12462,0.0034971931017935276
1133,12473,0.0034965602681040764
1134,12484,0.0034959325566887856
1135,12495,0.0034953015856444836
1136,12506,0.0034946638625115156
1137,12517,0.0034940324258059263
1138,12528,0.0034933839924633503
1139,12539,0.0034927481319755316
1140,12550,0.003492114832624793
1141,12561,0.0034914901480078697
1142,12572,0.00349085102789104
1143,12583,0.0034902256447821856
1144,12594,0.003489600494503975
1145,12605,0.0034889569506049156
1146,12616,0.0034883252810686827
1147,12627,0.003487686160951853
1148,12638,0.0034870521631091833
1149,12649,0.0034864398185163736
1150,12660,0.0034858034923672676
1151,12671,0.003485174849629402
1152,12682,0.0034845308400690556
1153,12693,0.003483900334686041
1154,12704,0.0034832784440368414
1155,12715,0.003482647705823183
1156,12726,0.0034820325672626495
1157,12737,0.0034814022947102785
1158,12748,0.003480772254988551
1159,12759,0.0034801356960088015
1160,12770,0.003479511709883809
1161,12781,0.0034788826014846563
1162,12792,0.003478269325569272
1163,12803,0.0034776441752910614
1164,12814,0.003477016231045127
1165,12825,0.0034763843286782503
1166,12836,0.003475761041045189
1167,12847,0.0034751377534121275
1168,12858,0.0034745249431580305
1169,12869,0.0034739060793071985
1170,12880,0.0034732797648757696
1171,12891,0.003472659271210432
1172,12902,0.003472021548077464
1173,12913,0.0034714231733232737
1174,12924,0.003470792667940259
1175,12935,0.0034701782278716564
1176,12946,0.0034695526119321585
1177,12957,0.0034689316526055336
1178,12968,0.0034683160483837128
1179,12979,0.0034677116200327873
1180,12990,0.003467096947133541
1181,13001,0.003466491587460041
1182,13012,0.003465864574536681
1183,13023,0.0034652696922421455
1184,13034,0.0034646582789719105
1185,13045,0.0034640629310160875
1186,13056,0.0034634536132216454
1187,13067,0.0034628533758223057
1188,13078,0.003462226828560233
1189,13089,0.003461649874225259
1190,13100,0.003461036365479231
1191,13111,0.003460441716015339
1192,13122,0.003459812141954899
1193,13133,0.003459242172539234
1194,13144,0.0034586279653012753
1195,13155,0.0034580393694341183
1196,13166,0.003457407932728529
1197,13177,0.0034568319097161293
1198,13188,0.0034562188666313887
1199,13199,0.0034556484315544367
1200,13210,0.003455017227679491
1201,13221,0.0034544365480542183
1202,13232,0.003453813260421157
1203,13243,0.0034532444551587105
1204,13254,0.0034526153467595577
1205,13265,0.0034520281478762627
1206,13276,0.0034513857681304216
1207,13287,0.0034508227836340666
1208,13298,0.0034501911140978336
1209,13309,0.003449599491432309
1210,13320,0.0034489526879042387
1211,13331,0.00344837736338377
1212,13342,0.0034477300941944122
1213,13353,0.003447138937190175
1214,13364,0.003446481190621853
1215,13375,0.0034459144808351994
1216,13386,0.0034452711697667837
1217,13397,0.0034446795471012592
1218,13408,0.003444028552621603
1219,13419,0.0034434418193995953
1220,13430,0.0034427973441779613
1221,13441,0.0034422213211655617
1222,13452,0.0034415735863149166
1223,13463,0.003440981963649392
1224,13474,0.0034403351601213217
1225,13485,0.0034397603012621403
1226,13496,0.0034391165245324373
1227,13507,0.003438525600358844
1228,13518,0.0034378820564597845
1229,13529,0.0034373088274151087
1230,13540,0.003436669008806348
1231,13551,0.00343607971444726
1232,13562,0.003435438731685281
1233,13573,0.003434867598116398
1234,13584,0.0034342322032898664
1235,13595,0.003433643840253353
1236,13606,0.003433006815612316
1237,13617,0.003432436613366008
1238,13628,0.0034318058751523495
1239,13639,0.0034312186762690544
1240,13650,0.0034305849112570286
1241,13661,0.003430016338825226
1242,13672,0.003429388627409935
1243,13683,0.0034287991002202034
1244,13694,0.0034281632397323847
1245,13705,0.0034275990910828114
1246,13716,0.0034269860479980707
1247,13727,0.003426407463848591
1248,13738,0.003425785806030035
1249,13749,0.003425222123041749
1250,13760,0.0034246048890054226
1251,13771,0.003424023510888219
1252,13782,0.0034234044142067432
1253,13793,0.0034228407312184572
1254,13804,0.0034222265239804983
1255,13815,0.0034216465428471565
1256,13826,0.0034210386220365763
1257,13837,0.003420469118282199
1258,13848,0.003419850254431367
1259,13859,0.0034192742314189672
1260,13870,0.0034186707343906164
1261,13881,0.003418104723095894
1262,13892,0.0034174874890595675
1263,13903,0.0034169231075793505
1264,13914,0.0034163121599704027
1265,13925,0.0034157391637563705
1266,13936,0.0034151251893490553
1267,13947,0.003414563136175275
1268,13958,0.0034139591734856367
1269,13969,0.0034133826848119497
1270,13980,0.0034127780236303806
1271,13991,0.003412219462916255
1272,14002,0.0034116138704121113
1273,14013,0.0034110532142221928
1274,14024,0.003410442266613245
1275,14035,0.0034098736941814423
1276,14046,0.003409271826967597
1277,14057,0.0034087137319147587
1278,14068,0.003408110234886408
1279,14079,0.0034075542353093624
1280,14090,0.0034069500397890806
1281,14101,0.0034063796047121286
1282,14112,0.0034057716839015484
1283,14123,0.0034052212722599506
1284,14134,0.0034046201035380363
1285,14145,0.00340406596660614
1286,14156,0.0034034629352390766
1287,14167,0.003402894828468561
1288,14178,0.0034022897016257048
1289,14189,0.0034017423167824745
1290,14200,0.0034011472016572952
1291,14211,0.00340059376321733
1292,14222,0.0033999907318502665
1293,14233,0.003399420762434602
1294,14244,0.003398833330720663
1295,14255,0.0033982822205871344
1296,14266,0.0033976805862039328
1297,14277,0.003397131571546197
1298,14288,0.0033965338952839375
1299,14299,0.003395971842110157
1300,14310,0.0033953823149204254
1301,14321,0.0033948305062949657
1302,14332,0.0033942314330488443
1303,14343,0.0033936852123588324
1304,14354,0.00339308800175786
1305,14365,0.003392530605196953
1306,14376,0.0033919415436685085
1307,14387,0.003391392296180129
1308,14398,0.003390795551240444
1309,14409,0.0033902525901794434
1310,14420,0.00338966166600585
1311,14431,0.003389120101928711
1312,14442,0.003388523356989026
1313,14453,0.003387967124581337
1314,14464,0.0033873834181576967
1315,14475,0.0033868388272821903
1316,14486,0.0033862448763102293
1317,14497,0.0033857040107250214
1318,14508,0.003385112853720784
1319,14519,0.0033845719881355762
1320,14530,0.0033839780371636152
1321,14541,0.0033834243658930063
1322,14552,0.0033828425221145153
1323,14563,0.00338229862973094
1324,14574,0.0033817098010331392
1325,14585,0.003381175920367241
1326,14596,0.003380579873919487
1327,14607,0.0033800345845520496
1328,14618,0.003379442263394594
1329,14629,0.003378891618922353
1330,14640,0.003378324443474412
1331,14651,0.0033777751959860325
1332,14662,0.0033771938178688288
1333,14673,0.0033766485285013914
1334,14684,0.0033760673832148314
1335,14695,0.0033755407202988863
1336,14706,0.0033749528229236603
1337,14717,0.003374410793185234
1338,14728,0.0033738361671566963
1339,14739,0.0033732992596924305
1340,14750,0.0033727274276316166
1341,14761,0.0033721914514899254
1342,14772,0.0033716189209371805
1343,14783,0.003371091326698661
1344,14794,0.003370522754266858
1345,14805,0.003369962563738227
1346,14816,0.003369399579241872
1347,14827,0.003368868725374341
1348,14838,0.003368301084265113
1349,14849,0.003367764176800847
1350,14860,0.0033671928104013205
1351,14871,0.003366657067090273
1352,14882,0.0033660889603197575
1353,14893,0.0033655534498393536
1354,14904,0.003364987438544631
1355,14915,0.003364451928064227
1356,14926,0.0033638891763985157
1357,14937,0.0033633525017648935
1358,14948,0.003362793242558837
1359,14959,0.003362255170941353
1360,14970,0.0033616996370255947
1361,14981,0.0033611608669161797
1362,14992,0.0033606127835810184
1363,15003,0.003360060276463628
1364,15014,0.003359516616910696
1365,15025,0.003358970396220684
1366,15036,0.003358428366482258
1367,15047,0.003357891459017992
1368,15058,0.003357332432642579
1369,15069,0.0033568048384040594
1370,15080,0.0033562632743269205
1371,15091,0.003355720778927207
1372,15102,0.0033551808446645737
1373,15113,0.003354646498337388
1374,15124,0.0033540932927280664
1375,15135,0.003353564301505685
1376,15146,0.0033530197106301785
1377,15157,0.0033524860627949238
1378,15168,0.003351932857185602
1379,15179,0.003351404331624508
1380,15190,0.003350864863023162
1381,15201,0.0033503430895507336
1382,15212,0.0033497833646833897
1383,15223,0.0033492452930659056
1384,15234,0.003348714206367731
1385,15245,0.003348193597048521
1386,15256,0.0033476485405117273
1387,15267,0.003347111400216818
1388,15278,0.003346563084051013
1389,15289,0.0033460401464253664
1390,15300,0.0033455099910497665
1391,15311,0.0033449758775532246
1392,15322,0.00334444479085505
1393,15333,0.003343906020745635
1394,15344,0.003343390068039298
1395,15355,0.0033428354654461145
1396,15366,0.0033423041459172964
1397,15377,0.0033417807426303625
1398,15388,0.003341257805004716
1399,15399,0.003340717637911439
1400,15410,0.0033401818946003914
1401,15421,0.0033396484795957804
1402,15432,0.003339119954034686
1403,15443,0.0033385984133929014
1404,15454,0.0033380736131221056
1405,15465,0.0033375523053109646
1406,15476,0.0033370181918144226
1407,15487,0.003336503403261304
1408,15498,0.0033359606750309467
1409,15509,0.0033354361075907946
1410,15520,0.003334902925416827
1411,15531,0.0033343788236379623
1412,15542,0.003333856351673603
1413,15553,0.003333327127620578
1414,15564,0.0033328209538012743
1415,15575,0.0033322793897241354
1416,15586,0.003331761108711362
1417,15597,0.0033312297891825438
1418,15608,0.00333070894703269
1419,15619,0.0033301925286650658
1420,15630,0.0033296640031039715
1421,15641,0.003329165978357196
1422,15652,0.003328624414280057
1423,15663,0.0033281114883720875
1424,15674,0.0033275815658271313
1425,15685,0.003327062586322427
1426,15696,0.003326565958559513
1427,15707,0.003326022531837225
1428,15718,0.003325521247461438
1429,15729,0.003324982477352023
1430,15740,0.003324473276734352
1431,15751,0.0033239552285522223
1432,15762,0.0033234322909265757
1433,15773,0.0033229473046958447
1434,15784,0.0033224006183445454
1435,15795,0.003321903757750988
1436,15806,0.003321364987641573
1437,15817,0.003320855088531971
1438,15828,0.003320350544527173
1439,15839,0.003319822484627366
1440,15850,0.0033193547278642654
1441,15861,0.0033187998924404383
1442,15872,0.003318305592983961
1443,15883,0.003317767521366477
1444,15894,0.0033172531984746456
1445,15905,0.0033167873043566942
1446,15916,0.0033162375912070274
1447,15927,0.003315781243145466
1448,15938,0.0033152124378830194
1449,15949,0.0033147151116281748
1450,15960,0.0033141968306154013
1451,15971,0.0033136745914816856
1452,15982,0.0033132617827504873
1453,15993,0.003312695072963834
1454,16004,0.003312246408313513
1455,16015,0.003311648964881897
1456,16026,0.003311133710667491
1457,16037,0.0033106824848800898
1458,16048,0.0033101520966738462
1459,16059,0.003309800522401929
1460,16070,0.0033091851510107517
1461,16081,0.0033087055198848248
1462,16092,0.003308110171929002
1463,16103,0.0033075741957873106
1464,16114,0.0033072305377572775
1465,16125,0.0033066957257688046
1466,16136,0.0033063548617064953
1467,16147,0.0033056617248803377
1468,16158,0.003305120160803199
1469,16169,0.003304591868072748
1470,16180,0.003304083365947008
1471,16191,0.0033038256224244833
1472,16202,0.0033032281789928675
1473,16213,0.003302800701931119
1474,16224,0.0033020980190485716
1475,16235,0.003301535965874791
1476,16246,0.0033011077903211117
1477,16257,0.0033005946315824986
1478,16268,0.0033002817071974277
1479,16279,0.0032996395602822304
1480,16290,0.003299133153632283
1481,16301,0.003298521740362048
1482,16312,0.003297991817817092
1483,16323,0.003297599498182535
1484,16334,0.0032970523461699486
1485,16345,0.003296655835583806
1486,16356,0.003296046517789364
1487,16367,0.0032955356873571873
1488,16378,0.003295016009360552
1489,16389,0.0032944930717349052
1490,16400,0.0032940905075520277
1491,16411,0.003293539397418499
1492,16422,0.003293080721050501
1493,16433,0.0032925147097557783
1494,16444,0.0032920080702751875
1495,16455,0.0032915370538830757
1496,16466,0.0032910106237977743
1497,16477,0.0032905838452279568
1498,16488,0.003290038090199232
1499,16499,0.003289556596428156
